,model,split,f2_score,n_estimators,max_samples,contamination,encoding_dim
0,n_estimators_50_max_samples_0.5_contamination_0.01_encoding_dim_64/,0,0.8333333333333334,50,0.5,0.01,64
1,n_estimators_50_max_samples_0.5_contamination_0.01_encoding_dim_64/,1,0.8333333333333334,50,0.5,0.01,64
2,n_estimators_50_max_samples_0.5_contamination_0.01_encoding_dim_64/,2,0.8333333333333334,50,0.5,0.01,64
3,n_estimators_50_max_samples_0.5_contamination_0.01_encoding_dim_64/,3,0.8333333333333334,50,0.5,0.01,64
4,n_estimators_50_max_samples_0.5_contamination_0.01_encoding_dim_64/,4,0.8473221422861711,50,0.5,0.01,64
5,n_estimators_50_max_samples_0.5_contamination_0.01_encoding_dim_128/,0,0.8340573414422241,50,0.5,0.01,128
6,n_estimators_50_max_samples_0.5_contamination_0.01_encoding_dim_128/,1,0.852589641434263,50,0.5,0.01,128
7,n_estimators_50_max_samples_0.5_contamination_0.01_encoding_dim_128/,2,0.8261617900172117,50,0.5,0.01,128
8,n_estimators_50_max_samples_0.5_contamination_0.01_encoding_dim_128/,3,0.8637469586374696,50,0.5,0.01,128
9,n_estimators_50_max_samples_0.5_contamination_0.01_encoding_dim_128/,4,0.8529650690495532,50,0.5,0.01,128
10,n_estimators_50_max_samples_0.5_contamination_0.01_encoding_dim_256/,0,0.8333333333333334,50,0.5,0.01,256
11,n_estimators_50_max_samples_0.5_contamination_0.01_encoding_dim_256/,1,0.8333333333333334,50,0.5,0.01,256
12,n_estimators_50_max_samples_0.5_contamination_0.01_encoding_dim_256/,2,0.8529650690495532,50,0.5,0.01,256
13,n_estimators_50_max_samples_0.5_contamination_0.01_encoding_dim_256/,3,0.8333333333333334,50,0.5,0.01,256
14,n_estimators_50_max_samples_0.5_contamination_0.01_encoding_dim_256/,4,0.8333333333333334,50,0.5,0.01,256
15,n_estimators_50_max_samples_0.5_contamination_0.05_encoding_dim_64/,0,0.8333333333333334,50,0.5,0.05,64
16,n_estimators_50_max_samples_0.5_contamination_0.05_encoding_dim_64/,1,0.8333333333333334,50,0.5,0.05,64
17,n_estimators_50_max_samples_0.5_contamination_0.05_encoding_dim_64/,2,0.8333333333333334,50,0.5,0.05,64
18,n_estimators_50_max_samples_0.5_contamination_0.05_encoding_dim_64/,3,0.8722358722358723,50,0.5,0.05,64
19,n_estimators_50_max_samples_0.5_contamination_0.05_encoding_dim_64/,4,0.8505564387917329,50,0.5,0.05,64
20,n_estimators_50_max_samples_0.5_contamination_0.05_encoding_dim_128/,0,0.8637469586374696,50,0.5,0.05,128
21,n_estimators_50_max_samples_0.5_contamination_0.05_encoding_dim_128/,1,0.8333333333333334,50,0.5,0.05,128
22,n_estimators_50_max_samples_0.5_contamination_0.05_encoding_dim_128/,2,0.8485329103885805,50,0.5,0.05,128
23,n_estimators_50_max_samples_0.5_contamination_0.05_encoding_dim_128/,3,0.8354866494401378,50,0.5,0.05,128
24,n_estimators_50_max_samples_0.5_contamination_0.05_encoding_dim_128/,4,0.8447857720291027,50,0.5,0.05,128
25,n_estimators_50_max_samples_0.5_contamination_0.05_encoding_dim_256/,0,0.8518518518518519,50,0.5,0.05,256
26,n_estimators_50_max_samples_0.5_contamination_0.05_encoding_dim_256/,1,0.8672638436482085,50,0.5,0.05,256
27,n_estimators_50_max_samples_0.5_contamination_0.05_encoding_dim_256/,2,0.8333333333333334,50,0.5,0.05,256
28,n_estimators_50_max_samples_0.5_contamination_0.05_encoding_dim_256/,3,0.8645054031587698,50,0.5,0.05,256
29,n_estimators_50_max_samples_0.5_contamination_0.05_encoding_dim_256/,4,0.8451290591174022,50,0.5,0.05,256
30,n_estimators_50_max_samples_0.5_contamination_0.1_encoding_dim_64/,0,0.8451816745655608,50,0.5,0.1,64
31,n_estimators_50_max_samples_0.5_contamination_0.1_encoding_dim_64/,1,0.850253807106599,50,0.5,0.1,64
32,n_estimators_50_max_samples_0.5_contamination_0.1_encoding_dim_64/,2,0.8608205953338697,50,0.5,0.1,64
33,n_estimators_50_max_samples_0.5_contamination_0.1_encoding_dim_64/,3,0.8432708688245315,50,0.5,0.1,64
34,n_estimators_50_max_samples_0.5_contamination_0.1_encoding_dim_64/,4,0.8225108225108225,50,0.5,0.1,64
35,n_estimators_50_max_samples_0.5_contamination_0.1_encoding_dim_128/,0,0.8517608517608518,50,0.5,0.1,128
36,n_estimators_50_max_samples_0.5_contamination_0.1_encoding_dim_128/,1,0.8333333333333334,50,0.5,0.1,128
37,n_estimators_50_max_samples_0.5_contamination_0.1_encoding_dim_128/,2,0.8333333333333334,50,0.5,0.1,128
38,n_estimators_50_max_samples_0.5_contamination_0.1_encoding_dim_128/,3,0.8485329103885805,50,0.5,0.1,128
39,n_estimators_50_max_samples_0.5_contamination_0.1_encoding_dim_128/,4,0.8481421647819063,50,0.5,0.1,128
40,n_estimators_50_max_samples_0.5_contamination_0.1_encoding_dim_256/,0,0.8333333333333334,50,0.5,0.1,256
41,n_estimators_50_max_samples_0.5_contamination_0.1_encoding_dim_256/,1,0.8333333333333334,50,0.5,0.1,256
42,n_estimators_50_max_samples_0.5_contamination_0.1_encoding_dim_256/,2,0.8333333333333334,50,0.5,0.1,256
43,n_estimators_50_max_samples_0.5_contamination_0.1_encoding_dim_256/,3,0.8542713567839196,50,0.5,0.1,256
44,n_estimators_50_max_samples_0.5_contamination_0.1_encoding_dim_256/,4,0.8581788879935536,50,0.5,0.1,256
45,n_estimators_50_max_samples_0.5_contamination_0.2_encoding_dim_64/,0,0.8590492076730609,50,0.5,0.2,64
46,n_estimators_50_max_samples_0.5_contamination_0.2_encoding_dim_64/,1,0.8577235772357723,50,0.5,0.2,64
47,n_estimators_50_max_samples_0.5_contamination_0.2_encoding_dim_64/,2,0.8304794520547946,50,0.5,0.2,64
48,n_estimators_50_max_samples_0.5_contamination_0.2_encoding_dim_64/,3,0.852589641434263,50,0.5,0.2,64
49,n_estimators_50_max_samples_0.5_contamination_0.2_encoding_dim_64/,4,0.8297690333618477,50,0.5,0.2,64
50,n_estimators_50_max_samples_0.5_contamination_0.2_encoding_dim_128/,0,0.8419689119170984,50,0.5,0.2,128
51,n_estimators_50_max_samples_0.5_contamination_0.2_encoding_dim_128/,1,0.8545603944124898,50,0.5,0.2,128
52,n_estimators_50_max_samples_0.5_contamination_0.2_encoding_dim_128/,2,0.8526821457165733,50,0.5,0.2,128
53,n_estimators_50_max_samples_0.5_contamination_0.2_encoding_dim_128/,3,0.8473154362416108,50,0.5,0.2,128
54,n_estimators_50_max_samples_0.5_contamination_0.2_encoding_dim_128/,4,0.8398744113029827,50,0.5,0.2,128
55,n_estimators_50_max_samples_0.5_contamination_0.2_encoding_dim_256/,0,0.8548387096774194,50,0.5,0.2,256
56,n_estimators_50_max_samples_0.5_contamination_0.2_encoding_dim_256/,1,0.8566853482786229,50,0.5,0.2,256
57,n_estimators_50_max_samples_0.5_contamination_0.2_encoding_dim_256/,2,0.8522727272727273,50,0.5,0.2,256
58,n_estimators_50_max_samples_0.5_contamination_0.2_encoding_dim_256/,3,0.8333333333333334,50,0.5,0.2,256
59,n_estimators_50_max_samples_0.5_contamination_0.2_encoding_dim_256/,4,0.8276740237691002,50,0.5,0.2,256
60,n_estimators_50_max_samples_0.7_contamination_0.01_encoding_dim_64/,0,0.8741830065359477,50,0.7,0.01,64
61,n_estimators_50_max_samples_0.7_contamination_0.01_encoding_dim_64/,1,0.8333333333333334,50,0.7,0.01,64
62,n_estimators_50_max_samples_0.7_contamination_0.01_encoding_dim_64/,2,0.8333333333333334,50,0.7,0.01,64
63,n_estimators_50_max_samples_0.7_contamination_0.01_encoding_dim_64/,3,0.8333333333333334,50,0.7,0.01,64
64,n_estimators_50_max_samples_0.7_contamination_0.01_encoding_dim_64/,4,0.8333333333333334,50,0.7,0.01,64
65,n_estimators_50_max_samples_0.7_contamination_0.01_encoding_dim_128/,0,0.8333333333333334,50,0.7,0.01,128
66,n_estimators_50_max_samples_0.7_contamination_0.01_encoding_dim_128/,1,0.8333333333333334,50,0.7,0.01,128
67,n_estimators_50_max_samples_0.7_contamination_0.01_encoding_dim_128/,2,0.8333333333333334,50,0.7,0.01,128
68,n_estimators_50_max_samples_0.7_contamination_0.01_encoding_dim_128/,3,0.8688524590163934,50,0.7,0.01,128
69,n_estimators_50_max_samples_0.7_contamination_0.01_encoding_dim_128/,4,0.8333333333333334,50,0.7,0.01,128
70,n_estimators_50_max_samples_0.7_contamination_0.01_encoding_dim_256/,0,0.8333333333333334,50,0.7,0.01,256
71,n_estimators_50_max_samples_0.7_contamination_0.01_encoding_dim_256/,1,0.8385579937304075,50,0.7,0.01,256
72,n_estimators_50_max_samples_0.7_contamination_0.01_encoding_dim_256/,2,0.8333333333333334,50,0.7,0.01,256
73,n_estimators_50_max_samples_0.7_contamination_0.01_encoding_dim_256/,3,0.8660130718954249,50,0.7,0.01,256
74,n_estimators_50_max_samples_0.7_contamination_0.01_encoding_dim_256/,4,0.8333333333333334,50,0.7,0.01,256
75,n_estimators_50_max_samples_0.7_contamination_0.05_encoding_dim_64/,0,0.8333333333333334,50,0.7,0.05,64
76,n_estimators_50_max_samples_0.7_contamination_0.05_encoding_dim_64/,1,0.8407798537774167,50,0.7,0.05,64
77,n_estimators_50_max_samples_0.7_contamination_0.05_encoding_dim_64/,2,0.8333333333333334,50,0.7,0.05,64
78,n_estimators_50_max_samples_0.7_contamination_0.05_encoding_dim_64/,3,0.8333333333333334,50,0.7,0.05,64
79,n_estimators_50_max_samples_0.7_contamination_0.05_encoding_dim_64/,4,0.8501208702659145,50,0.7,0.05,64
80,n_estimators_50_max_samples_0.7_contamination_0.05_encoding_dim_128/,0,0.8333333333333334,50,0.7,0.05,128
81,n_estimators_50_max_samples_0.7_contamination_0.05_encoding_dim_128/,1,0.8566853482786229,50,0.7,0.05,128
82,n_estimators_50_max_samples_0.7_contamination_0.05_encoding_dim_128/,2,0.8333333333333334,50,0.7,0.05,128
83,n_estimators_50_max_samples_0.7_contamination_0.05_encoding_dim_128/,3,0.8230088495575221,50,0.7,0.05,128
84,n_estimators_50_max_samples_0.7_contamination_0.05_encoding_dim_128/,4,0.8635996771589992,50,0.7,0.05,128
85,n_estimators_50_max_samples_0.7_contamination_0.05_encoding_dim_256/,0,0.8500400962309543,50,0.7,0.05,256
86,n_estimators_50_max_samples_0.7_contamination_0.05_encoding_dim_256/,1,0.8333333333333334,50,0.7,0.05,256
87,n_estimators_50_max_samples_0.7_contamination_0.05_encoding_dim_256/,2,0.8494363929146538,50,0.7,0.05,256
88,n_estimators_50_max_samples_0.7_contamination_0.05_encoding_dim_256/,3,0.8426483233018057,50,0.7,0.05,256
89,n_estimators_50_max_samples_0.7_contamination_0.05_encoding_dim_256/,4,0.8477366255144033,50,0.7,0.05,256
90,n_estimators_50_max_samples_0.7_contamination_0.1_encoding_dim_64/,0,0.8333333333333334,50,0.7,0.1,64
91,n_estimators_50_max_samples_0.7_contamination_0.1_encoding_dim_64/,1,0.8333333333333334,50,0.7,0.1,64
92,n_estimators_50_max_samples_0.7_contamination_0.1_encoding_dim_64/,2,0.8333333333333334,50,0.7,0.1,64
93,n_estimators_50_max_samples_0.7_contamination_0.1_encoding_dim_64/,3,0.8670520231213873,50,0.7,0.1,64
94,n_estimators_50_max_samples_0.7_contamination_0.1_encoding_dim_64/,4,0.8411949685534591,50,0.7,0.1,64
95,n_estimators_50_max_samples_0.7_contamination_0.1_encoding_dim_128/,0,0.8333333333333334,50,0.7,0.1,128
96,n_estimators_50_max_samples_0.7_contamination_0.1_encoding_dim_128/,1,0.864045864045864,50,0.7,0.1,128
97,n_estimators_50_max_samples_0.7_contamination_0.1_encoding_dim_128/,2,0.8333333333333334,50,0.7,0.1,128
98,n_estimators_50_max_samples_0.7_contamination_0.1_encoding_dim_128/,3,0.8333333333333334,50,0.7,0.1,128
99,n_estimators_50_max_samples_0.7_contamination_0.1_encoding_dim_128/,4,0.8333333333333334,50,0.7,0.1,128
100,n_estimators_50_max_samples_0.7_contamination_0.1_encoding_dim_256/,0,0.8578637510513036,50,0.7,0.1,256
101,n_estimators_50_max_samples_0.7_contamination_0.1_encoding_dim_256/,1,0.8534554537885096,50,0.7,0.1,256
102,n_estimators_50_max_samples_0.7_contamination_0.1_encoding_dim_256/,2,0.851581508515815,50,0.7,0.1,256
103,n_estimators_50_max_samples_0.7_contamination_0.1_encoding_dim_256/,3,0.8603491271820449,50,0.7,0.1,256
104,n_estimators_50_max_samples_0.7_contamination_0.1_encoding_dim_256/,4,0.8360927152317881,50,0.7,0.1,256
105,n_estimators_50_max_samples_0.7_contamination_0.2_encoding_dim_64/,0,0.8511513157894737,50,0.7,0.2,64
106,n_estimators_50_max_samples_0.7_contamination_0.2_encoding_dim_64/,1,0.8591205211726385,50,0.7,0.2,64
107,n_estimators_50_max_samples_0.7_contamination_0.2_encoding_dim_64/,2,0.8499600957701516,50,0.7,0.2,64
108,n_estimators_50_max_samples_0.7_contamination_0.2_encoding_dim_64/,3,0.8477366255144033,50,0.7,0.2,64
109,n_estimators_50_max_samples_0.7_contamination_0.2_encoding_dim_64/,4,0.8394160583941606,50,0.7,0.2,64
110,n_estimators_50_max_samples_0.7_contamination_0.2_encoding_dim_128/,0,0.8478802992518704,50,0.7,0.2,128
111,n_estimators_50_max_samples_0.7_contamination_0.2_encoding_dim_128/,1,0.8465189873417721,50,0.7,0.2,128
112,n_estimators_50_max_samples_0.7_contamination_0.2_encoding_dim_128/,2,0.8438985736925515,50,0.7,0.2,128
113,n_estimators_50_max_samples_0.7_contamination_0.2_encoding_dim_128/,3,0.859504132231405,50,0.7,0.2,128
114,n_estimators_50_max_samples_0.7_contamination_0.2_encoding_dim_128/,4,0.8539505187549881,50,0.7,0.2,128
115,n_estimators_50_max_samples_0.7_contamination_0.2_encoding_dim_256/,0,0.8540497193263833,50,0.7,0.2,256
116,n_estimators_50_max_samples_0.7_contamination_0.2_encoding_dim_256/,1,0.8623481781376519,50,0.7,0.2,256
117,n_estimators_50_max_samples_0.7_contamination_0.2_encoding_dim_256/,2,0.8233788395904437,50,0.7,0.2,256
118,n_estimators_50_max_samples_0.7_contamination_0.2_encoding_dim_256/,3,0.8423686405337781,50,0.7,0.2,256
119,n_estimators_50_max_samples_0.7_contamination_0.2_encoding_dim_256/,4,0.8612244897959184,50,0.7,0.2,256
120,n_estimators_50_max_samples_1.0_contamination_0.01_encoding_dim_64/,0,0.8333333333333334,50,1.0,0.01,64
121,n_estimators_50_max_samples_1.0_contamination_0.01_encoding_dim_64/,1,0.8499170812603648,50,1.0,0.01,64
122,n_estimators_50_max_samples_1.0_contamination_0.01_encoding_dim_64/,2,0.8333333333333334,50,1.0,0.01,64
123,n_estimators_50_max_samples_1.0_contamination_0.01_encoding_dim_64/,3,0.8579638752052545,50,1.0,0.01,64
124,n_estimators_50_max_samples_1.0_contamination_0.01_encoding_dim_64/,4,0.8333333333333334,50,1.0,0.01,64
125,n_estimators_50_max_samples_1.0_contamination_0.01_encoding_dim_128/,0,0.8333333333333334,50,1.0,0.01,128
126,n_estimators_50_max_samples_1.0_contamination_0.01_encoding_dim_128/,1,0.8589951377633711,50,1.0,0.01,128
127,n_estimators_50_max_samples_1.0_contamination_0.01_encoding_dim_128/,2,0.8333333333333334,50,1.0,0.01,128
128,n_estimators_50_max_samples_1.0_contamination_0.01_encoding_dim_128/,3,0.8333333333333334,50,1.0,0.01,128
129,n_estimators_50_max_samples_1.0_contamination_0.01_encoding_dim_128/,4,0.8333333333333334,50,1.0,0.01,128
130,n_estimators_50_max_samples_1.0_contamination_0.01_encoding_dim_256/,0,0.8333333333333334,50,1.0,0.01,256
131,n_estimators_50_max_samples_1.0_contamination_0.01_encoding_dim_256/,1,0.8333333333333334,50,1.0,0.01,256
132,n_estimators_50_max_samples_1.0_contamination_0.01_encoding_dim_256/,2,0.8333333333333334,50,1.0,0.01,256
133,n_estimators_50_max_samples_1.0_contamination_0.01_encoding_dim_256/,3,0.8699254349627175,50,1.0,0.01,256
134,n_estimators_50_max_samples_1.0_contamination_0.01_encoding_dim_256/,4,0.8552631578947368,50,1.0,0.01,256
135,n_estimators_50_max_samples_1.0_contamination_0.05_encoding_dim_64/,0,0.8333333333333334,50,1.0,0.05,64
136,n_estimators_50_max_samples_1.0_contamination_0.05_encoding_dim_64/,1,0.8333333333333334,50,1.0,0.05,64
137,n_estimators_50_max_samples_1.0_contamination_0.05_encoding_dim_64/,2,0.8333333333333334,50,1.0,0.05,64
138,n_estimators_50_max_samples_1.0_contamination_0.05_encoding_dim_64/,3,0.864448051948052,50,1.0,0.05,64
139,n_estimators_50_max_samples_1.0_contamination_0.05_encoding_dim_64/,4,0.8333333333333334,50,1.0,0.05,64
140,n_estimators_50_max_samples_1.0_contamination_0.05_encoding_dim_128/,0,0.8333333333333334,50,1.0,0.05,128
141,n_estimators_50_max_samples_1.0_contamination_0.05_encoding_dim_128/,1,0.8539505187549881,50,1.0,0.05,128
142,n_estimators_50_max_samples_1.0_contamination_0.05_encoding_dim_128/,2,0.8333333333333334,50,1.0,0.05,128
143,n_estimators_50_max_samples_1.0_contamination_0.05_encoding_dim_128/,3,0.8653846153846154,50,1.0,0.05,128
144,n_estimators_50_max_samples_1.0_contamination_0.05_encoding_dim_128/,4,0.8333333333333334,50,1.0,0.05,128
145,n_estimators_50_max_samples_1.0_contamination_0.05_encoding_dim_256/,0,0.8553719008264463,50,1.0,0.05,256
146,n_estimators_50_max_samples_1.0_contamination_0.05_encoding_dim_256/,1,0.848605577689243,50,1.0,0.05,256
147,n_estimators_50_max_samples_1.0_contamination_0.05_encoding_dim_256/,2,0.8333333333333334,50,1.0,0.05,256
148,n_estimators_50_max_samples_1.0_contamination_0.05_encoding_dim_256/,3,0.8230088495575221,50,1.0,0.05,256
149,n_estimators_50_max_samples_1.0_contamination_0.05_encoding_dim_256/,4,0.8458333333333333,50,1.0,0.05,256
150,n_estimators_50_max_samples_1.0_contamination_0.1_encoding_dim_64/,0,0.8333333333333334,50,1.0,0.1,64
151,n_estimators_50_max_samples_1.0_contamination_0.1_encoding_dim_64/,1,0.8333333333333334,50,1.0,0.1,64
152,n_estimators_50_max_samples_1.0_contamination_0.1_encoding_dim_64/,2,0.8333333333333334,50,1.0,0.1,64
153,n_estimators_50_max_samples_1.0_contamination_0.1_encoding_dim_64/,3,0.8661087866108786,50,1.0,0.1,64
154,n_estimators_50_max_samples_1.0_contamination_0.1_encoding_dim_64/,4,0.8333333333333334,50,1.0,0.1,64
155,n_estimators_50_max_samples_1.0_contamination_0.1_encoding_dim_128/,0,0.8326216908625107,50,1.0,0.1,128
156,n_estimators_50_max_samples_1.0_contamination_0.1_encoding_dim_128/,1,0.870626525630594,50,1.0,0.1,128
157,n_estimators_50_max_samples_1.0_contamination_0.1_encoding_dim_128/,2,0.8522727272727273,50,1.0,0.1,128
158,n_estimators_50_max_samples_1.0_contamination_0.1_encoding_dim_128/,3,0.8229537366548043,50,1.0,0.1,128
159,n_estimators_50_max_samples_1.0_contamination_0.1_encoding_dim_128/,4,0.8538587848932676,50,1.0,0.1,128
160,n_estimators_50_max_samples_1.0_contamination_0.1_encoding_dim_256/,0,0.8333333333333334,50,1.0,0.1,256
161,n_estimators_50_max_samples_1.0_contamination_0.1_encoding_dim_256/,1,0.8333333333333334,50,1.0,0.1,256
162,n_estimators_50_max_samples_1.0_contamination_0.1_encoding_dim_256/,2,0.8478605388272583,50,1.0,0.1,256
163,n_estimators_50_max_samples_1.0_contamination_0.1_encoding_dim_256/,3,0.8587140439932318,50,1.0,0.1,256
164,n_estimators_50_max_samples_1.0_contamination_0.1_encoding_dim_256/,4,0.8333333333333334,50,1.0,0.1,256
165,n_estimators_50_max_samples_1.0_contamination_0.2_encoding_dim_64/,0,0.8493723849372385,50,1.0,0.2,64
166,n_estimators_50_max_samples_1.0_contamination_0.2_encoding_dim_64/,1,0.8597662771285476,50,1.0,0.2,64
167,n_estimators_50_max_samples_1.0_contamination_0.2_encoding_dim_64/,2,0.8455882352941176,50,1.0,0.2,64
168,n_estimators_50_max_samples_1.0_contamination_0.2_encoding_dim_64/,3,0.8686616791354946,50,1.0,0.2,64
169,n_estimators_50_max_samples_1.0_contamination_0.2_encoding_dim_64/,4,0.8176369863013698,50,1.0,0.2,64
170,n_estimators_50_max_samples_1.0_contamination_0.2_encoding_dim_128/,0,0.8534621578099839,50,1.0,0.2,128
171,n_estimators_50_max_samples_1.0_contamination_0.2_encoding_dim_128/,1,0.8165938864628821,50,1.0,0.2,128
172,n_estimators_50_max_samples_1.0_contamination_0.2_encoding_dim_128/,2,0.8576051779935275,50,1.0,0.2,128
173,n_estimators_50_max_samples_1.0_contamination_0.2_encoding_dim_128/,3,0.8574979287489644,50,1.0,0.2,128
174,n_estimators_50_max_samples_1.0_contamination_0.2_encoding_dim_128/,4,0.8275862068965517,50,1.0,0.2,128
175,n_estimators_50_max_samples_1.0_contamination_0.2_encoding_dim_256/,0,0.8333333333333334,50,1.0,0.2,256
176,n_estimators_50_max_samples_1.0_contamination_0.2_encoding_dim_256/,1,0.84251968503937,50,1.0,0.2,256
177,n_estimators_50_max_samples_1.0_contamination_0.2_encoding_dim_256/,2,0.8500400962309543,50,1.0,0.2,256
178,n_estimators_50_max_samples_1.0_contamination_0.2_encoding_dim_256/,3,0.8582995951417004,50,1.0,0.2,256
179,n_estimators_50_max_samples_1.0_contamination_0.2_encoding_dim_256/,4,0.8428805237315876,50,1.0,0.2,256
180,n_estimators_100_max_samples_0.5_contamination_0.01_encoding_dim_64/,0,0.835464620630861,100,0.5,0.01,64
181,n_estimators_100_max_samples_0.5_contamination_0.01_encoding_dim_64/,1,0.8333333333333334,100,0.5,0.01,64
182,n_estimators_100_max_samples_0.5_contamination_0.01_encoding_dim_64/,2,0.8540497193263833,100,0.5,0.01,64
183,n_estimators_100_max_samples_0.5_contamination_0.01_encoding_dim_64/,3,0.8333333333333334,100,0.5,0.01,64
184,n_estimators_100_max_samples_0.5_contamination_0.01_encoding_dim_64/,4,0.8333333333333334,100,0.5,0.01,64
185,n_estimators_100_max_samples_0.5_contamination_0.01_encoding_dim_128/,0,0.8539505187549881,100,0.5,0.01,128
186,n_estimators_100_max_samples_0.5_contamination_0.01_encoding_dim_128/,1,0.8521809369951535,100,0.5,0.01,128
187,n_estimators_100_max_samples_0.5_contamination_0.01_encoding_dim_128/,2,0.8528428093645485,100,0.5,0.01,128
188,n_estimators_100_max_samples_0.5_contamination_0.01_encoding_dim_128/,3,0.8333333333333334,100,0.5,0.01,128
189,n_estimators_100_max_samples_0.5_contamination_0.01_encoding_dim_128/,4,0.8268398268398268,100,0.5,0.01,128
190,n_estimators_100_max_samples_0.5_contamination_0.01_encoding_dim_256/,0,0.8333333333333334,100,0.5,0.01,256
191,n_estimators_100_max_samples_0.5_contamination_0.01_encoding_dim_256/,1,0.8520900321543409,100,0.5,0.01,256
192,n_estimators_100_max_samples_0.5_contamination_0.01_encoding_dim_256/,2,0.8423236514522822,100,0.5,0.01,256
193,n_estimators_100_max_samples_0.5_contamination_0.01_encoding_dim_256/,3,0.8504273504273504,100,0.5,0.01,256
194,n_estimators_100_max_samples_0.5_contamination_0.01_encoding_dim_256/,4,0.8290155440414507,100,0.5,0.01,256
195,n_estimators_100_max_samples_0.5_contamination_0.05_encoding_dim_64/,0,0.8333333333333334,100,0.5,0.05,64
196,n_estimators_100_max_samples_0.5_contamination_0.05_encoding_dim_64/,1,0.8333333333333334,100,0.5,0.05,64
197,n_estimators_100_max_samples_0.5_contamination_0.05_encoding_dim_64/,2,0.8333333333333334,100,0.5,0.05,64
198,n_estimators_100_max_samples_0.5_contamination_0.05_encoding_dim_64/,3,0.8692120227457352,100,0.5,0.05,64
199,n_estimators_100_max_samples_0.5_contamination_0.05_encoding_dim_64/,4,0.8333333333333334,100,0.5,0.05,64
200,n_estimators_100_max_samples_0.5_contamination_0.05_encoding_dim_128/,0,0.8479299363057324,100,0.5,0.05,128
201,n_estimators_100_max_samples_0.5_contamination_0.05_encoding_dim_128/,1,0.866721177432543,100,0.5,0.05,128
202,n_estimators_100_max_samples_0.5_contamination_0.05_encoding_dim_128/,2,0.8505367464905037,100,0.5,0.05,128
203,n_estimators_100_max_samples_0.5_contamination_0.05_encoding_dim_128/,3,0.8340498710232158,100,0.5,0.05,128
204,n_estimators_100_max_samples_0.5_contamination_0.05_encoding_dim_128/,4,0.8333333333333334,100,0.5,0.05,128
205,n_estimators_100_max_samples_0.5_contamination_0.05_encoding_dim_256/,0,0.8512396694214877,100,0.5,0.05,256
206,n_estimators_100_max_samples_0.5_contamination_0.05_encoding_dim_256/,1,0.8609539207760711,100,0.5,0.05,256
207,n_estimators_100_max_samples_0.5_contamination_0.05_encoding_dim_256/,2,0.8333333333333334,100,0.5,0.05,256
208,n_estimators_100_max_samples_0.5_contamination_0.05_encoding_dim_256/,3,0.8318739054290718,100,0.5,0.05,256
209,n_estimators_100_max_samples_0.5_contamination_0.05_encoding_dim_256/,4,0.8374384236453202,100,0.5,0.05,256
210,n_estimators_100_max_samples_0.5_contamination_0.1_encoding_dim_64/,0,0.8333333333333334,100,0.5,0.1,64
211,n_estimators_100_max_samples_0.5_contamination_0.1_encoding_dim_64/,1,0.843183609141056,100,0.5,0.1,64
212,n_estimators_100_max_samples_0.5_contamination_0.1_encoding_dim_64/,2,0.8333333333333334,100,0.5,0.1,64
213,n_estimators_100_max_samples_0.5_contamination_0.1_encoding_dim_64/,3,0.866885784716516,100,0.5,0.1,64
214,n_estimators_100_max_samples_0.5_contamination_0.1_encoding_dim_64/,4,0.8521809369951535,100,0.5,0.1,64
215,n_estimators_100_max_samples_0.5_contamination_0.1_encoding_dim_128/,0,0.8333333333333334,100,0.5,0.1,128
216,n_estimators_100_max_samples_0.5_contamination_0.1_encoding_dim_128/,1,0.8333333333333334,100,0.5,0.1,128
217,n_estimators_100_max_samples_0.5_contamination_0.1_encoding_dim_128/,2,0.8333333333333334,100,0.5,0.1,128
218,n_estimators_100_max_samples_0.5_contamination_0.1_encoding_dim_128/,3,0.8649959579628133,100,0.5,0.1,128
219,n_estimators_100_max_samples_0.5_contamination_0.1_encoding_dim_128/,4,0.8498349834983498,100,0.5,0.1,128
220,n_estimators_100_max_samples_0.5_contamination_0.1_encoding_dim_256/,0,0.866885784716516,100,0.5,0.1,256
221,n_estimators_100_max_samples_0.5_contamination_0.1_encoding_dim_256/,1,0.8333333333333334,100,0.5,0.1,256
222,n_estimators_100_max_samples_0.5_contamination_0.1_encoding_dim_256/,2,0.8405341712490181,100,0.5,0.1,256
223,n_estimators_100_max_samples_0.5_contamination_0.1_encoding_dim_256/,3,0.8627773212818406,100,0.5,0.1,256
224,n_estimators_100_max_samples_0.5_contamination_0.1_encoding_dim_256/,4,0.8602584814216478,100,0.5,0.1,256
225,n_estimators_100_max_samples_0.5_contamination_0.2_encoding_dim_64/,0,0.8531409168081494,100,0.5,0.2,64
226,n_estimators_100_max_samples_0.5_contamination_0.2_encoding_dim_64/,1,0.859375,100,0.5,0.2,64
227,n_estimators_100_max_samples_0.5_contamination_0.2_encoding_dim_64/,2,0.8475263584752636,100,0.5,0.2,64
228,n_estimators_100_max_samples_0.5_contamination_0.2_encoding_dim_64/,3,0.8756137479541735,100,0.5,0.2,64
229,n_estimators_100_max_samples_0.5_contamination_0.2_encoding_dim_64/,4,0.8588709677419355,100,0.5,0.2,64
230,n_estimators_100_max_samples_0.5_contamination_0.2_encoding_dim_128/,0,0.8532695374800638,100,0.5,0.2,128
231,n_estimators_100_max_samples_0.5_contamination_0.2_encoding_dim_128/,1,0.8472454090150251,100,0.5,0.2,128
232,n_estimators_100_max_samples_0.5_contamination_0.2_encoding_dim_128/,2,0.8333333333333334,100,0.5,0.2,128
233,n_estimators_100_max_samples_0.5_contamination_0.2_encoding_dim_128/,3,0.8596345514950167,100,0.5,0.2,128
234,n_estimators_100_max_samples_0.5_contamination_0.2_encoding_dim_128/,4,0.8539505187549881,100,0.5,0.2,128
235,n_estimators_100_max_samples_0.5_contamination_0.2_encoding_dim_256/,0,0.8623481781376519,100,0.5,0.2,256
236,n_estimators_100_max_samples_0.5_contamination_0.2_encoding_dim_256/,1,0.8333333333333334,100,0.5,0.2,256
237,n_estimators_100_max_samples_0.5_contamination_0.2_encoding_dim_256/,2,0.8346333853354134,100,0.5,0.2,256
238,n_estimators_100_max_samples_0.5_contamination_0.2_encoding_dim_256/,3,0.8550968828980623,100,0.5,0.2,256
239,n_estimators_100_max_samples_0.5_contamination_0.2_encoding_dim_256/,4,0.854632587859425,100,0.5,0.2,256
240,n_estimators_100_max_samples_0.7_contamination_0.01_encoding_dim_64/,0,0.8333333333333334,100,0.7,0.01,64
241,n_estimators_100_max_samples_0.7_contamination_0.01_encoding_dim_64/,1,0.8663967611336032,100,0.7,0.01,64
242,n_estimators_100_max_samples_0.7_contamination_0.01_encoding_dim_64/,2,0.8333333333333334,100,0.7,0.01,64
243,n_estimators_100_max_samples_0.7_contamination_0.01_encoding_dim_64/,3,0.8333333333333334,100,0.7,0.01,64
244,n_estimators_100_max_samples_0.7_contamination_0.01_encoding_dim_64/,4,0.8333333333333334,100,0.7,0.01,64
245,n_estimators_100_max_samples_0.7_contamination_0.01_encoding_dim_128/,0,0.8608205953338697,100,0.7,0.01,128
246,n_estimators_100_max_samples_0.7_contamination_0.01_encoding_dim_128/,1,0.8558558558558559,100,0.7,0.01,128
247,n_estimators_100_max_samples_0.7_contamination_0.01_encoding_dim_128/,2,0.8333333333333334,100,0.7,0.01,128
248,n_estimators_100_max_samples_0.7_contamination_0.01_encoding_dim_128/,3,0.8333333333333334,100,0.7,0.01,128
249,n_estimators_100_max_samples_0.7_contamination_0.01_encoding_dim_128/,4,0.8368554522400676,100,0.7,0.01,128
250,n_estimators_100_max_samples_0.7_contamination_0.01_encoding_dim_256/,0,0.852589641434263,100,0.7,0.01,256
251,n_estimators_100_max_samples_0.7_contamination_0.01_encoding_dim_256/,1,0.8333333333333334,100,0.7,0.01,256
252,n_estimators_100_max_samples_0.7_contamination_0.01_encoding_dim_256/,2,0.8434712084347121,100,0.7,0.01,256
253,n_estimators_100_max_samples_0.7_contamination_0.01_encoding_dim_256/,3,0.8333333333333334,100,0.7,0.01,256
254,n_estimators_100_max_samples_0.7_contamination_0.01_encoding_dim_256/,4,0.8497536945812808,100,0.7,0.01,256
255,n_estimators_100_max_samples_0.7_contamination_0.05_encoding_dim_64/,0,0.8333333333333334,100,0.7,0.05,64
256,n_estimators_100_max_samples_0.7_contamination_0.05_encoding_dim_64/,1,0.8333333333333334,100,0.7,0.05,64
257,n_estimators_100_max_samples_0.7_contamination_0.05_encoding_dim_64/,2,0.8630470016207455,100,0.7,0.05,64
258,n_estimators_100_max_samples_0.7_contamination_0.05_encoding_dim_64/,3,0.8491343775762572,100,0.7,0.05,64
259,n_estimators_100_max_samples_0.7_contamination_0.05_encoding_dim_64/,4,0.8485329103885805,100,0.7,0.05,64
260,n_estimators_100_max_samples_0.7_contamination_0.05_encoding_dim_128/,0,0.8438818565400844,100,0.7,0.05,128
261,n_estimators_100_max_samples_0.7_contamination_0.05_encoding_dim_128/,1,0.8333333333333334,100,0.7,0.05,128
262,n_estimators_100_max_samples_0.7_contamination_0.05_encoding_dim_128/,2,0.8333333333333334,100,0.7,0.05,128
263,n_estimators_100_max_samples_0.7_contamination_0.05_encoding_dim_128/,3,0.8663967611336032,100,0.7,0.05,128
264,n_estimators_100_max_samples_0.7_contamination_0.05_encoding_dim_128/,4,0.8333333333333334,100,0.7,0.05,128
265,n_estimators_100_max_samples_0.7_contamination_0.05_encoding_dim_256/,0,0.860655737704918,100,0.7,0.05,256
266,n_estimators_100_max_samples_0.7_contamination_0.05_encoding_dim_256/,1,0.8333333333333334,100,0.7,0.05,256
267,n_estimators_100_max_samples_0.7_contamination_0.05_encoding_dim_256/,2,0.8333333333333334,100,0.7,0.05,256
268,n_estimators_100_max_samples_0.7_contamination_0.05_encoding_dim_256/,3,0.8582995951417004,100,0.7,0.05,256
269,n_estimators_100_max_samples_0.7_contamination_0.05_encoding_dim_256/,4,0.8333333333333334,100,0.7,0.05,256
270,n_estimators_100_max_samples_0.7_contamination_0.1_encoding_dim_64/,0,0.8646616541353384,100,0.7,0.1,64
271,n_estimators_100_max_samples_0.7_contamination_0.1_encoding_dim_64/,1,0.8532695374800638,100,0.7,0.1,64
272,n_estimators_100_max_samples_0.7_contamination_0.1_encoding_dim_64/,2,0.8333333333333334,100,0.7,0.1,64
273,n_estimators_100_max_samples_0.7_contamination_0.1_encoding_dim_64/,3,0.8537616229923922,100,0.7,0.1,64
274,n_estimators_100_max_samples_0.7_contamination_0.1_encoding_dim_64/,4,0.8333333333333334,100,0.7,0.1,64
275,n_estimators_100_max_samples_0.7_contamination_0.1_encoding_dim_128/,0,0.8333333333333334,100,0.7,0.1,128
276,n_estimators_100_max_samples_0.7_contamination_0.1_encoding_dim_128/,1,0.8333333333333334,100,0.7,0.1,128
277,n_estimators_100_max_samples_0.7_contamination_0.1_encoding_dim_128/,2,0.8333333333333334,100,0.7,0.1,128
278,n_estimators_100_max_samples_0.7_contamination_0.1_encoding_dim_128/,3,0.8720456397718012,100,0.7,0.1,128
279,n_estimators_100_max_samples_0.7_contamination_0.1_encoding_dim_128/,4,0.8333333333333334,100,0.7,0.1,128
280,n_estimators_100_max_samples_0.7_contamination_0.1_encoding_dim_256/,0,0.845771144278607,100,0.7,0.1,256
281,n_estimators_100_max_samples_0.7_contamination_0.1_encoding_dim_256/,1,0.8465189873417721,100,0.7,0.1,256
282,n_estimators_100_max_samples_0.7_contamination_0.1_encoding_dim_256/,2,0.8561093247588425,100,0.7,0.1,256
283,n_estimators_100_max_samples_0.7_contamination_0.1_encoding_dim_256/,3,0.8537616229923922,100,0.7,0.1,256
284,n_estimators_100_max_samples_0.7_contamination_0.1_encoding_dim_256/,4,0.8479299363057324,100,0.7,0.1,256
285,n_estimators_100_max_samples_0.7_contamination_0.2_encoding_dim_64/,0,0.8594377510040161,100,0.7,0.2,64
286,n_estimators_100_max_samples_0.7_contamination_0.2_encoding_dim_64/,1,0.8485329103885805,100,0.7,0.2,64
287,n_estimators_100_max_samples_0.7_contamination_0.2_encoding_dim_64/,2,0.8422791081750619,100,0.7,0.2,64
288,n_estimators_100_max_samples_0.7_contamination_0.2_encoding_dim_64/,3,0.8607907742998353,100,0.7,0.2,64
289,n_estimators_100_max_samples_0.7_contamination_0.2_encoding_dim_64/,4,0.8205782312925171,100,0.7,0.2,64
290,n_estimators_100_max_samples_0.7_contamination_0.2_encoding_dim_128/,0,0.8409658617818485,100,0.7,0.2,128
291,n_estimators_100_max_samples_0.7_contamination_0.2_encoding_dim_128/,1,0.8418568056648308,100,0.7,0.2,128
292,n_estimators_100_max_samples_0.7_contamination_0.2_encoding_dim_128/,2,0.866721177432543,100,0.7,0.2,128
293,n_estimators_100_max_samples_0.7_contamination_0.2_encoding_dim_128/,3,0.8660130718954249,100,0.7,0.2,128
294,n_estimators_100_max_samples_0.7_contamination_0.2_encoding_dim_128/,4,0.8457095709570958,100,0.7,0.2,128
295,n_estimators_100_max_samples_0.7_contamination_0.2_encoding_dim_256/,0,0.8385579937304075,100,0.7,0.2,256
296,n_estimators_100_max_samples_0.7_contamination_0.2_encoding_dim_256/,1,0.8629032258064516,100,0.7,0.2,256
297,n_estimators_100_max_samples_0.7_contamination_0.2_encoding_dim_256/,2,0.8507223113964687,100,0.7,0.2,256
298,n_estimators_100_max_samples_0.7_contamination_0.2_encoding_dim_256/,3,0.8539603960396039,100,0.7,0.2,256
299,n_estimators_100_max_samples_0.7_contamination_0.2_encoding_dim_256/,4,0.8519108280254777,100,0.7,0.2,256
300,n_estimators_100_max_samples_1.0_contamination_0.01_encoding_dim_64/,0,0.8333333333333334,100,1.0,0.01,64
301,n_estimators_100_max_samples_1.0_contamination_0.01_encoding_dim_64/,1,0.8333333333333334,100,1.0,0.01,64
302,n_estimators_100_max_samples_1.0_contamination_0.01_encoding_dim_64/,2,0.8333333333333334,100,1.0,0.01,64
303,n_estimators_100_max_samples_1.0_contamination_0.01_encoding_dim_64/,3,0.8333333333333334,100,1.0,0.01,64
304,n_estimators_100_max_samples_1.0_contamination_0.01_encoding_dim_64/,4,0.8563311688311688,100,1.0,0.01,64
305,n_estimators_100_max_samples_1.0_contamination_0.01_encoding_dim_128/,0,0.8333333333333334,100,1.0,0.01,128
306,n_estimators_100_max_samples_1.0_contamination_0.01_encoding_dim_128/,1,0.8638956805215974,100,1.0,0.01,128
307,n_estimators_100_max_samples_1.0_contamination_0.01_encoding_dim_128/,2,0.8333333333333334,100,1.0,0.01,128
308,n_estimators_100_max_samples_1.0_contamination_0.01_encoding_dim_128/,3,0.8333333333333334,100,1.0,0.01,128
309,n_estimators_100_max_samples_1.0_contamination_0.01_encoding_dim_128/,4,0.8333333333333334,100,1.0,0.01,128
310,n_estimators_100_max_samples_1.0_contamination_0.01_encoding_dim_256/,0,0.8333333333333334,100,1.0,0.01,256
311,n_estimators_100_max_samples_1.0_contamination_0.01_encoding_dim_256/,1,0.8333333333333334,100,1.0,0.01,256
312,n_estimators_100_max_samples_1.0_contamination_0.01_encoding_dim_256/,2,0.8333333333333334,100,1.0,0.01,256
313,n_estimators_100_max_samples_1.0_contamination_0.01_encoding_dim_256/,3,0.8333333333333334,100,1.0,0.01,256
314,n_estimators_100_max_samples_1.0_contamination_0.01_encoding_dim_256/,4,0.8608205953338697,100,1.0,0.01,256
315,n_estimators_100_max_samples_1.0_contamination_0.05_encoding_dim_64/,0,0.8333333333333334,100,1.0,0.05,64
316,n_estimators_100_max_samples_1.0_contamination_0.05_encoding_dim_64/,1,0.8333333333333334,100,1.0,0.05,64
317,n_estimators_100_max_samples_1.0_contamination_0.05_encoding_dim_64/,2,0.8333333333333334,100,1.0,0.05,64
318,n_estimators_100_max_samples_1.0_contamination_0.05_encoding_dim_64/,3,0.864448051948052,100,1.0,0.05,64
319,n_estimators_100_max_samples_1.0_contamination_0.05_encoding_dim_64/,4,0.8333333333333334,100,1.0,0.05,64
320,n_estimators_100_max_samples_1.0_contamination_0.05_encoding_dim_128/,0,0.8333333333333334,100,1.0,0.05,128
321,n_estimators_100_max_samples_1.0_contamination_0.05_encoding_dim_128/,1,0.8637469586374696,100,1.0,0.05,128
322,n_estimators_100_max_samples_1.0_contamination_0.05_encoding_dim_128/,2,0.8333333333333334,100,1.0,0.05,128
323,n_estimators_100_max_samples_1.0_contamination_0.05_encoding_dim_128/,3,0.8347826086956521,100,1.0,0.05,128
324,n_estimators_100_max_samples_1.0_contamination_0.05_encoding_dim_128/,4,0.8333333333333334,100,1.0,0.05,128
325,n_estimators_100_max_samples_1.0_contamination_0.05_encoding_dim_256/,0,0.8352849336455894,100,1.0,0.05,256
326,n_estimators_100_max_samples_1.0_contamination_0.05_encoding_dim_256/,1,0.834061135371179,100,1.0,0.05,256
327,n_estimators_100_max_samples_1.0_contamination_0.05_encoding_dim_256/,2,0.854632587859425,100,1.0,0.05,256
328,n_estimators_100_max_samples_1.0_contamination_0.05_encoding_dim_256/,3,0.8616504854368932,100,1.0,0.05,256
329,n_estimators_100_max_samples_1.0_contamination_0.05_encoding_dim_256/,4,0.8275261324041812,100,1.0,0.05,256
330,n_estimators_100_max_samples_1.0_contamination_0.1_encoding_dim_64/,0,0.8333333333333334,100,1.0,0.1,64
331,n_estimators_100_max_samples_1.0_contamination_0.1_encoding_dim_64/,1,0.8333333333333334,100,1.0,0.1,64
332,n_estimators_100_max_samples_1.0_contamination_0.1_encoding_dim_64/,2,0.8333333333333334,100,1.0,0.1,64
333,n_estimators_100_max_samples_1.0_contamination_0.1_encoding_dim_64/,3,0.8602584814216478,100,1.0,0.1,64
334,n_estimators_100_max_samples_1.0_contamination_0.1_encoding_dim_64/,4,0.8609539207760711,100,1.0,0.1,64
335,n_estimators_100_max_samples_1.0_contamination_0.1_encoding_dim_128/,0,0.8587943848059455,100,1.0,0.1,128
336,n_estimators_100_max_samples_1.0_contamination_0.1_encoding_dim_128/,1,0.8439490445859873,100,1.0,0.1,128
337,n_estimators_100_max_samples_1.0_contamination_0.1_encoding_dim_128/,2,0.8333333333333334,100,1.0,0.1,128
338,n_estimators_100_max_samples_1.0_contamination_0.1_encoding_dim_128/,3,0.8524173027989822,100,1.0,0.1,128
339,n_estimators_100_max_samples_1.0_contamination_0.1_encoding_dim_128/,4,0.8540497193263833,100,1.0,0.1,128
340,n_estimators_100_max_samples_1.0_contamination_0.1_encoding_dim_256/,0,0.8333333333333334,100,1.0,0.1,256
341,n_estimators_100_max_samples_1.0_contamination_0.1_encoding_dim_256/,1,0.8333333333333334,100,1.0,0.1,256
342,n_estimators_100_max_samples_1.0_contamination_0.1_encoding_dim_256/,2,0.8333333333333334,100,1.0,0.1,256
343,n_estimators_100_max_samples_1.0_contamination_0.1_encoding_dim_256/,3,0.8756137479541735,100,1.0,0.1,256
344,n_estimators_100_max_samples_1.0_contamination_0.1_encoding_dim_256/,4,0.8333333333333334,100,1.0,0.1,256
345,n_estimators_100_max_samples_1.0_contamination_0.2_encoding_dim_64/,0,0.8471074380165289,100,1.0,0.2,64
346,n_estimators_100_max_samples_1.0_contamination_0.2_encoding_dim_64/,1,0.8588709677419355,100,1.0,0.2,64
347,n_estimators_100_max_samples_1.0_contamination_0.2_encoding_dim_64/,2,0.8580593424218124,100,1.0,0.2,64
348,n_estimators_100_max_samples_1.0_contamination_0.2_encoding_dim_64/,3,0.8602150537634409,100,1.0,0.2,64
349,n_estimators_100_max_samples_1.0_contamination_0.2_encoding_dim_64/,4,0.8392156862745098,100,1.0,0.2,64
350,n_estimators_100_max_samples_1.0_contamination_0.2_encoding_dim_128/,0,0.8658536585365854,100,1.0,0.2,128
351,n_estimators_100_max_samples_1.0_contamination_0.2_encoding_dim_128/,1,0.8457095709570958,100,1.0,0.2,128
352,n_estimators_100_max_samples_1.0_contamination_0.2_encoding_dim_128/,2,0.8580593424218124,100,1.0,0.2,128
353,n_estimators_100_max_samples_1.0_contamination_0.2_encoding_dim_128/,3,0.8573717948717948,100,1.0,0.2,128
354,n_estimators_100_max_samples_1.0_contamination_0.2_encoding_dim_128/,4,0.8441033925686591,100,1.0,0.2,128
355,n_estimators_100_max_samples_1.0_contamination_0.2_encoding_dim_256/,0,0.8405341712490181,100,1.0,0.2,256
356,n_estimators_100_max_samples_1.0_contamination_0.2_encoding_dim_256/,1,0.8385579937304075,100,1.0,0.2,256
357,n_estimators_100_max_samples_1.0_contamination_0.2_encoding_dim_256/,2,0.8588709677419355,100,1.0,0.2,256
358,n_estimators_100_max_samples_1.0_contamination_0.2_encoding_dim_256/,3,0.8647540983606558,100,1.0,0.2,256
359,n_estimators_100_max_samples_1.0_contamination_0.2_encoding_dim_256/,4,0.8501208702659145,100,1.0,0.2,256
360,n_estimators_200_max_samples_0.5_contamination_0.01_encoding_dim_64/,0,0.8333333333333334,200,0.5,0.01,64
361,n_estimators_200_max_samples_0.5_contamination_0.01_encoding_dim_64/,1,0.8405545927209706,200,0.5,0.01,64
362,n_estimators_200_max_samples_0.5_contamination_0.01_encoding_dim_64/,2,0.8297320656871219,200,0.5,0.01,64
363,n_estimators_200_max_samples_0.5_contamination_0.01_encoding_dim_64/,3,0.8663967611336032,200,0.5,0.01,64
364,n_estimators_200_max_samples_0.5_contamination_0.01_encoding_dim_64/,4,0.8626328699918234,200,0.5,0.01,64
365,n_estimators_200_max_samples_0.5_contamination_0.01_encoding_dim_128/,0,0.8333333333333334,200,0.5,0.01,128
366,n_estimators_200_max_samples_0.5_contamination_0.01_encoding_dim_128/,1,0.8566853482786229,200,0.5,0.01,128
367,n_estimators_200_max_samples_0.5_contamination_0.01_encoding_dim_128/,2,0.8581788879935536,200,0.5,0.01,128
368,n_estimators_200_max_samples_0.5_contamination_0.01_encoding_dim_128/,3,0.8333333333333334,200,0.5,0.01,128
369,n_estimators_200_max_samples_0.5_contamination_0.01_encoding_dim_128/,4,0.8333333333333334,200,0.5,0.01,128
370,n_estimators_200_max_samples_0.5_contamination_0.01_encoding_dim_256/,0,0.8333333333333334,200,0.5,0.01,256
371,n_estimators_200_max_samples_0.5_contamination_0.01_encoding_dim_256/,1,0.8588709677419355,200,0.5,0.01,256
372,n_estimators_200_max_samples_0.5_contamination_0.01_encoding_dim_256/,2,0.8333333333333334,200,0.5,0.01,256
373,n_estimators_200_max_samples_0.5_contamination_0.01_encoding_dim_256/,3,0.8333333333333334,200,0.5,0.01,256
374,n_estimators_200_max_samples_0.5_contamination_0.01_encoding_dim_256/,4,0.8333333333333334,200,0.5,0.01,256
375,n_estimators_200_max_samples_0.5_contamination_0.05_encoding_dim_64/,0,0.8623481781376519,200,0.5,0.05,64
376,n_estimators_200_max_samples_0.5_contamination_0.05_encoding_dim_64/,1,0.8333333333333334,200,0.5,0.05,64
377,n_estimators_200_max_samples_0.5_contamination_0.05_encoding_dim_64/,2,0.8333333333333334,200,0.5,0.05,64
378,n_estimators_200_max_samples_0.5_contamination_0.05_encoding_dim_64/,3,0.8398268398268398,200,0.5,0.05,64
379,n_estimators_200_max_samples_0.5_contamination_0.05_encoding_dim_64/,4,0.8333333333333334,200,0.5,0.05,64
380,n_estimators_200_max_samples_0.5_contamination_0.05_encoding_dim_128/,0,0.8333333333333334,200,0.5,0.05,128
381,n_estimators_200_max_samples_0.5_contamination_0.05_encoding_dim_128/,1,0.8553157474020784,200,0.5,0.05,128
382,n_estimators_200_max_samples_0.5_contamination_0.05_encoding_dim_128/,2,0.843183609141056,200,0.5,0.05,128
383,n_estimators_200_max_samples_0.5_contamination_0.05_encoding_dim_128/,3,0.834061135371179,200,0.5,0.05,128
384,n_estimators_200_max_samples_0.5_contamination_0.05_encoding_dim_128/,4,0.8572600492206727,200,0.5,0.05,128
385,n_estimators_200_max_samples_0.5_contamination_0.05_encoding_dim_256/,0,0.8333333333333334,200,0.5,0.05,256
386,n_estimators_200_max_samples_0.5_contamination_0.05_encoding_dim_256/,1,0.8654634946677605,200,0.5,0.05,256
387,n_estimators_200_max_samples_0.5_contamination_0.05_encoding_dim_256/,2,0.8333333333333334,200,0.5,0.05,256
388,n_estimators_200_max_samples_0.5_contamination_0.05_encoding_dim_256/,3,0.8678021086780211,200,0.5,0.05,256
389,n_estimators_200_max_samples_0.5_contamination_0.05_encoding_dim_256/,4,0.8492063492063492,200,0.5,0.05,256
390,n_estimators_200_max_samples_0.5_contamination_0.1_encoding_dim_64/,0,0.860128617363344,200,0.5,0.1,64
391,n_estimators_200_max_samples_0.5_contamination_0.1_encoding_dim_64/,1,0.8333333333333334,200,0.5,0.1,64
392,n_estimators_200_max_samples_0.5_contamination_0.1_encoding_dim_64/,2,0.8333333333333334,200,0.5,0.1,64
393,n_estimators_200_max_samples_0.5_contamination_0.1_encoding_dim_64/,3,0.8412424503882657,200,0.5,0.1,64
394,n_estimators_200_max_samples_0.5_contamination_0.1_encoding_dim_64/,4,0.8514931396287329,200,0.5,0.1,64
395,n_estimators_200_max_samples_0.5_contamination_0.1_encoding_dim_128/,0,0.8465189873417721,200,0.5,0.1,128
396,n_estimators_200_max_samples_0.5_contamination_0.1_encoding_dim_128/,1,0.8403716216216216,200,0.5,0.1,128
397,n_estimators_200_max_samples_0.5_contamination_0.1_encoding_dim_128/,2,0.8333333333333334,200,0.5,0.1,128
398,n_estimators_200_max_samples_0.5_contamination_0.1_encoding_dim_128/,3,0.8480268681780017,200,0.5,0.1,128
399,n_estimators_200_max_samples_0.5_contamination_0.1_encoding_dim_128/,4,0.8587479935794543,200,0.5,0.1,128
400,n_estimators_200_max_samples_0.5_contamination_0.1_encoding_dim_256/,0,0.8333333333333334,200,0.5,0.1,256
401,n_estimators_200_max_samples_0.5_contamination_0.1_encoding_dim_256/,1,0.859504132231405,200,0.5,0.1,256
402,n_estimators_200_max_samples_0.5_contamination_0.1_encoding_dim_256/,2,0.8333333333333334,200,0.5,0.1,256
403,n_estimators_200_max_samples_0.5_contamination_0.1_encoding_dim_256/,3,0.8623481781376519,200,0.5,0.1,256
404,n_estimators_200_max_samples_0.5_contamination_0.1_encoding_dim_256/,4,0.8226221079691517,200,0.5,0.1,256
405,n_estimators_200_max_samples_0.5_contamination_0.2_encoding_dim_64/,0,0.8550488599348535,200,0.5,0.2,64
406,n_estimators_200_max_samples_0.5_contamination_0.2_encoding_dim_64/,1,0.8561093247588425,200,0.5,0.2,64
407,n_estimators_200_max_samples_0.5_contamination_0.2_encoding_dim_64/,2,0.8485329103885805,200,0.5,0.2,64
408,n_estimators_200_max_samples_0.5_contamination_0.2_encoding_dim_64/,3,0.870626525630594,200,0.5,0.2,64
409,n_estimators_200_max_samples_0.5_contamination_0.2_encoding_dim_64/,4,0.8395677472984207,200,0.5,0.2,64
410,n_estimators_200_max_samples_0.5_contamination_0.2_encoding_dim_128/,0,0.8417085427135679,200,0.5,0.2,128
411,n_estimators_200_max_samples_0.5_contamination_0.2_encoding_dim_128/,1,0.8405341712490181,200,0.5,0.2,128
412,n_estimators_200_max_samples_0.5_contamination_0.2_encoding_dim_128/,2,0.8591205211726385,200,0.5,0.2,128
413,n_estimators_200_max_samples_0.5_contamination_0.2_encoding_dim_128/,3,0.8333333333333334,200,0.5,0.2,128
414,n_estimators_200_max_samples_0.5_contamination_0.2_encoding_dim_128/,4,0.8546655656482246,200,0.5,0.2,128
415,n_estimators_200_max_samples_0.5_contamination_0.2_encoding_dim_256/,0,0.8598207008964955,200,0.5,0.2,256
416,n_estimators_200_max_samples_0.5_contamination_0.2_encoding_dim_256/,1,0.8333333333333334,200,0.5,0.2,256
417,n_estimators_200_max_samples_0.5_contamination_0.2_encoding_dim_256/,2,0.837245696400626,200,0.5,0.2,256
418,n_estimators_200_max_samples_0.5_contamination_0.2_encoding_dim_256/,3,0.8649093904448105,200,0.5,0.2,256
419,n_estimators_200_max_samples_0.5_contamination_0.2_encoding_dim_256/,4,0.857487922705314,200,0.5,0.2,256
420,n_estimators_200_max_samples_0.7_contamination_0.01_encoding_dim_64/,0,0.8333333333333334,200,0.7,0.01,64
421,n_estimators_200_max_samples_0.7_contamination_0.01_encoding_dim_64/,1,0.8333333333333334,200,0.7,0.01,64
422,n_estimators_200_max_samples_0.7_contamination_0.01_encoding_dim_64/,2,0.8333333333333334,200,0.7,0.01,64
423,n_estimators_200_max_samples_0.7_contamination_0.01_encoding_dim_64/,3,0.86709886547812,200,0.7,0.01,64
424,n_estimators_200_max_samples_0.7_contamination_0.01_encoding_dim_64/,4,0.8333333333333334,200,0.7,0.01,64
425,n_estimators_200_max_samples_0.7_contamination_0.01_encoding_dim_128/,0,0.8533554266777134,200,0.7,0.01,128
426,n_estimators_200_max_samples_0.7_contamination_0.01_encoding_dim_128/,1,0.8333333333333334,200,0.7,0.01,128
427,n_estimators_200_max_samples_0.7_contamination_0.01_encoding_dim_128/,2,0.857487922705314,200,0.7,0.01,128
428,n_estimators_200_max_samples_0.7_contamination_0.01_encoding_dim_128/,3,0.8333333333333334,200,0.7,0.01,128
429,n_estimators_200_max_samples_0.7_contamination_0.01_encoding_dim_128/,4,0.8581788879935536,200,0.7,0.01,128
430,n_estimators_200_max_samples_0.7_contamination_0.01_encoding_dim_256/,0,0.8498808578236696,200,0.7,0.01,256
431,n_estimators_200_max_samples_0.7_contamination_0.01_encoding_dim_256/,1,0.8486622073578596,200,0.7,0.01,256
432,n_estimators_200_max_samples_0.7_contamination_0.01_encoding_dim_256/,2,0.8333333333333334,200,0.7,0.01,256
433,n_estimators_200_max_samples_0.7_contamination_0.01_encoding_dim_256/,3,0.864448051948052,200,0.7,0.01,256
434,n_estimators_200_max_samples_0.7_contamination_0.01_encoding_dim_256/,4,0.7962633451957295,200,0.7,0.01,256
435,n_estimators_200_max_samples_0.7_contamination_0.05_encoding_dim_64/,0,0.8333333333333334,200,0.7,0.05,64
436,n_estimators_200_max_samples_0.7_contamination_0.05_encoding_dim_64/,1,0.8333333333333334,200,0.7,0.05,64
437,n_estimators_200_max_samples_0.7_contamination_0.05_encoding_dim_64/,2,0.8333333333333334,200,0.7,0.05,64
438,n_estimators_200_max_samples_0.7_contamination_0.05_encoding_dim_64/,3,0.8675986842105263,200,0.7,0.05,64
439,n_estimators_200_max_samples_0.7_contamination_0.05_encoding_dim_64/,4,0.8603896103896104,200,0.7,0.05,64
440,n_estimators_200_max_samples_0.7_contamination_0.05_encoding_dim_128/,0,0.8333333333333334,200,0.7,0.05,128
441,n_estimators_200_max_samples_0.7_contamination_0.05_encoding_dim_128/,1,0.8333333333333334,200,0.7,0.05,128
442,n_estimators_200_max_samples_0.7_contamination_0.05_encoding_dim_128/,2,0.8333333333333334,200,0.7,0.05,128
443,n_estimators_200_max_samples_0.7_contamination_0.05_encoding_dim_128/,3,0.8630705394190872,200,0.7,0.05,128
444,n_estimators_200_max_samples_0.7_contamination_0.05_encoding_dim_128/,4,0.8563311688311688,200,0.7,0.05,128
445,n_estimators_200_max_samples_0.7_contamination_0.05_encoding_dim_256/,0,0.8539505187549881,200,0.7,0.05,256
446,n_estimators_200_max_samples_0.7_contamination_0.05_encoding_dim_256/,1,0.8333333333333334,200,0.7,0.05,256
447,n_estimators_200_max_samples_0.7_contamination_0.05_encoding_dim_256/,2,0.8333333333333334,200,0.7,0.05,256
448,n_estimators_200_max_samples_0.7_contamination_0.05_encoding_dim_256/,3,0.8648194794290512,200,0.7,0.05,256
449,n_estimators_200_max_samples_0.7_contamination_0.05_encoding_dim_256/,4,0.8581788879935536,200,0.7,0.05,256
450,n_estimators_200_max_samples_0.7_contamination_0.1_encoding_dim_64/,0,0.8591205211726385,200,0.7,0.1,64
451,n_estimators_200_max_samples_0.7_contamination_0.1_encoding_dim_64/,1,0.8347245409015025,200,0.7,0.1,64
452,n_estimators_200_max_samples_0.7_contamination_0.1_encoding_dim_64/,2,0.8333333333333334,200,0.7,0.1,64
453,n_estimators_200_max_samples_0.7_contamination_0.1_encoding_dim_64/,3,0.8398268398268398,200,0.7,0.1,64
454,n_estimators_200_max_samples_0.7_contamination_0.1_encoding_dim_64/,4,0.8533653846153846,200,0.7,0.1,64
455,n_estimators_200_max_samples_0.7_contamination_0.1_encoding_dim_128/,0,0.856,200,0.7,0.1,128
456,n_estimators_200_max_samples_0.7_contamination_0.1_encoding_dim_128/,1,0.8635996771589992,200,0.7,0.1,128
457,n_estimators_200_max_samples_0.7_contamination_0.1_encoding_dim_128/,2,0.8609539207760711,200,0.7,0.1,128
458,n_estimators_200_max_samples_0.7_contamination_0.1_encoding_dim_128/,3,0.8281938325991189,200,0.7,0.1,128
459,n_estimators_200_max_samples_0.7_contamination_0.1_encoding_dim_128/,4,0.8206429780033841,200,0.7,0.1,128
460,n_estimators_200_max_samples_0.7_contamination_0.1_encoding_dim_256/,0,0.8643507030603805,200,0.7,0.1,256
461,n_estimators_200_max_samples_0.7_contamination_0.1_encoding_dim_256/,1,0.8582995951417004,200,0.7,0.1,256
462,n_estimators_200_max_samples_0.7_contamination_0.1_encoding_dim_256/,2,0.8333333333333334,200,0.7,0.1,256
463,n_estimators_200_max_samples_0.7_contamination_0.1_encoding_dim_256/,3,0.8318965517241379,200,0.7,0.1,256
464,n_estimators_200_max_samples_0.7_contamination_0.1_encoding_dim_256/,4,0.8275862068965517,200,0.7,0.1,256
465,n_estimators_200_max_samples_0.7_contamination_0.2_encoding_dim_64/,0,0.8425531914893617,200,0.7,0.2,64
466,n_estimators_200_max_samples_0.7_contamination_0.2_encoding_dim_64/,1,0.8608205953338697,200,0.7,0.2,64
467,n_estimators_200_max_samples_0.7_contamination_0.2_encoding_dim_64/,2,0.8429752066115702,200,0.7,0.2,64
468,n_estimators_200_max_samples_0.7_contamination_0.2_encoding_dim_64/,3,0.8594377510040161,200,0.7,0.2,64
469,n_estimators_200_max_samples_0.7_contamination_0.2_encoding_dim_64/,4,0.8581788879935536,200,0.7,0.2,64
470,n_estimators_200_max_samples_0.7_contamination_0.2_encoding_dim_128/,0,0.8629032258064516,200,0.7,0.2,128
471,n_estimators_200_max_samples_0.7_contamination_0.2_encoding_dim_128/,1,0.8465189873417721,200,0.7,0.2,128
472,n_estimators_200_max_samples_0.7_contamination_0.2_encoding_dim_128/,2,0.852589641434263,200,0.7,0.2,128
473,n_estimators_200_max_samples_0.7_contamination_0.2_encoding_dim_128/,3,0.8535564853556485,200,0.7,0.2,128
474,n_estimators_200_max_samples_0.7_contamination_0.2_encoding_dim_128/,4,0.845771144278607,200,0.7,0.2,128
475,n_estimators_200_max_samples_0.7_contamination_0.2_encoding_dim_256/,0,0.8651502843216897,200,0.7,0.2,256
476,n_estimators_200_max_samples_0.7_contamination_0.2_encoding_dim_256/,1,0.8561093247588425,200,0.7,0.2,256
477,n_estimators_200_max_samples_0.7_contamination_0.2_encoding_dim_256/,2,0.8519108280254777,200,0.7,0.2,256
478,n_estimators_200_max_samples_0.7_contamination_0.2_encoding_dim_256/,3,0.859504132231405,200,0.7,0.2,256
479,n_estimators_200_max_samples_0.7_contamination_0.2_encoding_dim_256/,4,0.8490566037735849,200,0.7,0.2,256
480,n_estimators_200_max_samples_1.0_contamination_0.01_encoding_dim_64/,0,0.8333333333333334,200,1.0,0.01,64
481,n_estimators_200_max_samples_1.0_contamination_0.01_encoding_dim_64/,1,0.8333333333333334,200,1.0,0.01,64
482,n_estimators_200_max_samples_1.0_contamination_0.01_encoding_dim_64/,2,0.8333333333333334,200,1.0,0.01,64
483,n_estimators_200_max_samples_1.0_contamination_0.01_encoding_dim_64/,3,0.8693877551020408,200,1.0,0.01,64
484,n_estimators_200_max_samples_1.0_contamination_0.01_encoding_dim_64/,4,0.8333333333333334,200,1.0,0.01,64
485,n_estimators_200_max_samples_1.0_contamination_0.01_encoding_dim_128/,0,0.8333333333333334,200,1.0,0.01,128
486,n_estimators_200_max_samples_1.0_contamination_0.01_encoding_dim_128/,1,0.857487922705314,200,1.0,0.01,128
487,n_estimators_200_max_samples_1.0_contamination_0.01_encoding_dim_128/,2,0.8333333333333334,200,1.0,0.01,128
488,n_estimators_200_max_samples_1.0_contamination_0.01_encoding_dim_128/,3,0.8505564387917329,200,1.0,0.01,128
489,n_estimators_200_max_samples_1.0_contamination_0.01_encoding_dim_128/,4,0.8505367464905037,200,1.0,0.01,128
490,n_estimators_200_max_samples_1.0_contamination_0.01_encoding_dim_256/,0,0.8333333333333334,200,1.0,0.01,256
491,n_estimators_200_max_samples_1.0_contamination_0.01_encoding_dim_256/,1,0.8333333333333334,200,1.0,0.01,256
492,n_estimators_200_max_samples_1.0_contamination_0.01_encoding_dim_256/,2,0.852,200,1.0,0.01,256
493,n_estimators_200_max_samples_1.0_contamination_0.01_encoding_dim_256/,3,0.8354755784061697,200,1.0,0.01,256
494,n_estimators_200_max_samples_1.0_contamination_0.01_encoding_dim_256/,4,0.8619281045751634,200,1.0,0.01,256
495,n_estimators_200_max_samples_1.0_contamination_0.05_encoding_dim_64/,0,0.8333333333333334,200,1.0,0.05,64
496,n_estimators_200_max_samples_1.0_contamination_0.05_encoding_dim_64/,1,0.8333333333333334,200,1.0,0.05,64
497,n_estimators_200_max_samples_1.0_contamination_0.05_encoding_dim_64/,2,0.8333333333333334,200,1.0,0.05,64
498,n_estimators_200_max_samples_1.0_contamination_0.05_encoding_dim_64/,3,0.8622078968573731,200,1.0,0.05,64
499,n_estimators_200_max_samples_1.0_contamination_0.05_encoding_dim_64/,4,0.8512330946698489,200,1.0,0.05,64
500,n_estimators_200_max_samples_1.0_contamination_0.05_encoding_dim_128/,0,0.8333333333333334,200,1.0,0.05,128
501,n_estimators_200_max_samples_1.0_contamination_0.05_encoding_dim_128/,1,0.8617886178861789,200,1.0,0.05,128
502,n_estimators_200_max_samples_1.0_contamination_0.05_encoding_dim_128/,2,0.8333333333333334,200,1.0,0.05,128
503,n_estimators_200_max_samples_1.0_contamination_0.05_encoding_dim_128/,3,0.8397932816537468,200,1.0,0.05,128
504,n_estimators_200_max_samples_1.0_contamination_0.05_encoding_dim_128/,4,0.856,200,1.0,0.05,128
505,n_estimators_200_max_samples_1.0_contamination_0.05_encoding_dim_256/,0,0.8602584814216478,200,1.0,0.05,256
506,n_estimators_200_max_samples_1.0_contamination_0.05_encoding_dim_256/,1,0.857487922705314,200,1.0,0.05,256
507,n_estimators_200_max_samples_1.0_contamination_0.05_encoding_dim_256/,2,0.8333333333333334,200,1.0,0.05,256
508,n_estimators_200_max_samples_1.0_contamination_0.05_encoding_dim_256/,3,0.8208296557811121,200,1.0,0.05,256
509,n_estimators_200_max_samples_1.0_contamination_0.05_encoding_dim_256/,4,0.8478802992518704,200,1.0,0.05,256
510,n_estimators_200_max_samples_1.0_contamination_0.1_encoding_dim_64/,0,0.8564437194127243,200,1.0,0.1,64
511,n_estimators_200_max_samples_1.0_contamination_0.1_encoding_dim_64/,1,0.8651502843216897,200,1.0,0.1,64
512,n_estimators_200_max_samples_1.0_contamination_0.1_encoding_dim_64/,2,0.8471892319873318,200,1.0,0.1,64
513,n_estimators_200_max_samples_1.0_contamination_0.1_encoding_dim_64/,3,0.8281938325991189,200,1.0,0.1,64
514,n_estimators_200_max_samples_1.0_contamination_0.1_encoding_dim_64/,4,0.8276740237691002,200,1.0,0.1,64
515,n_estimators_200_max_samples_1.0_contamination_0.1_encoding_dim_128/,0,0.856,200,1.0,0.1,128
516,n_estimators_200_max_samples_1.0_contamination_0.1_encoding_dim_128/,1,0.8458333333333333,200,1.0,0.1,128
517,n_estimators_200_max_samples_1.0_contamination_0.1_encoding_dim_128/,2,0.8573717948717948,200,1.0,0.1,128
518,n_estimators_200_max_samples_1.0_contamination_0.1_encoding_dim_128/,3,0.8391304347826087,200,1.0,0.1,128
519,n_estimators_200_max_samples_1.0_contamination_0.1_encoding_dim_128/,4,0.8297506448839209,200,1.0,0.1,128
520,n_estimators_200_max_samples_1.0_contamination_0.1_encoding_dim_256/,0,0.8333333333333334,200,1.0,0.1,256
521,n_estimators_200_max_samples_1.0_contamination_0.1_encoding_dim_256/,1,0.8630470016207455,200,1.0,0.1,256
522,n_estimators_200_max_samples_1.0_contamination_0.1_encoding_dim_256/,2,0.8333333333333334,200,1.0,0.1,256
523,n_estimators_200_max_samples_1.0_contamination_0.1_encoding_dim_256/,3,0.837696335078534,200,1.0,0.1,256
524,n_estimators_200_max_samples_1.0_contamination_0.1_encoding_dim_256/,4,0.8615136876006442,200,1.0,0.1,256
525,n_estimators_200_max_samples_1.0_contamination_0.2_encoding_dim_64/,0,0.8651502843216897,200,1.0,0.2,64
526,n_estimators_200_max_samples_1.0_contamination_0.2_encoding_dim_64/,1,0.8588709677419355,200,1.0,0.2,64
527,n_estimators_200_max_samples_1.0_contamination_0.2_encoding_dim_64/,2,0.8333333333333334,200,1.0,0.2,64
528,n_estimators_200_max_samples_1.0_contamination_0.2_encoding_dim_64/,3,0.861781848459617,200,1.0,0.2,64
529,n_estimators_200_max_samples_1.0_contamination_0.2_encoding_dim_64/,4,0.8561093247588425,200,1.0,0.2,64
530,n_estimators_200_max_samples_1.0_contamination_0.2_encoding_dim_128/,0,0.8333333333333334,200,1.0,0.2,128
531,n_estimators_200_max_samples_1.0_contamination_0.2_encoding_dim_128/,1,0.856,200,1.0,0.2,128
532,n_estimators_200_max_samples_1.0_contamination_0.2_encoding_dim_128/,2,0.8438485804416404,200,1.0,0.2,128
533,n_estimators_200_max_samples_1.0_contamination_0.2_encoding_dim_128/,3,0.8616504854368932,200,1.0,0.2,128
534,n_estimators_200_max_samples_1.0_contamination_0.2_encoding_dim_128/,4,0.8584214808787632,200,1.0,0.2,128
535,n_estimators_200_max_samples_1.0_contamination_0.2_encoding_dim_256/,0,0.8566853482786229,200,1.0,0.2,256
536,n_estimators_200_max_samples_1.0_contamination_0.2_encoding_dim_256/,1,0.8505564387917329,200,1.0,0.2,256
537,n_estimators_200_max_samples_1.0_contamination_0.2_encoding_dim_256/,2,0.8352849336455894,200,1.0,0.2,256
538,n_estimators_200_max_samples_1.0_contamination_0.2_encoding_dim_256/,3,0.8396305625524769,200,1.0,0.2,256
539,n_estimators_200_max_samples_1.0_contamination_0.2_encoding_dim_256/,4,0.8556366585563666,200,1.0,0.2,256
